{"cameraMode":{"drawMode":0,"name":"Shaded","section":"Shading Mode"},"sceneLighting":true,"audioPlay":false,"sceneViewState":{"m_AlwaysRefresh":true,"showFog":true,"showSkybox":true,"showFlares":true,"showImageEffects":true,"showParticleSystems":true,"showVisualEffectGraphs":true,"m_FxEnabled":false},"in2DMode":false,"pivot":{"x":1377.6495361328125,"y":740.1263427734375,"z":-67.32423400878906},"rotation":{"x":0.028001032769680024,"y":-0.9398289322853088,"z":0.33119168877601626,"w":0.07940207421779633},"size":137.4368896484375,"orthographic":false}